--
-- PostgreSQL database dump
--

-- Dumped from database version 15.8
-- Dumped by pg_dump version 16.8

SET statement_timeout = 0;
SET lock_timeout = 0;
SET idle_in_transaction_session_timeout = 0;
SET client_encoding = 'UTF8';
SET standard_conforming_strings = on;
SELECT pg_catalog.set_config('search_path', '', false);
SET check_function_bodies = false;
SET xmloption = content;
SET client_min_messages = warning;
SET row_security = off;

--
-- Name: public; Type: SCHEMA; Schema: -; Owner: -
--

CREATE SCHEMA public;


--
-- Name: SCHEMA public; Type: COMMENT; Schema: -; Owner: -
--

COMMENT ON SCHEMA public IS 'standard public schema';


--
-- Name: applied_or_not; Type: TYPE; Schema: public; Owner: -
--

CREATE TYPE public.applied_or_not AS ENUM (
    'yes',
    'partial',
    'no'
);


--
-- Name: placed_or_not; Type: TYPE; Schema: public; Owner: -
--

CREATE TYPE public.placed_or_not AS ENUM (
    'yes',
    'no'
);


--
-- Name: user_role; Type: TYPE; Schema: public; Owner: -
--

CREATE TYPE public.user_role AS ENUM (
    'staff',
    'student',
    'super_admin'
);


--
-- Name: clean_and_extract(); Type: FUNCTION; Schema: public; Owner: -
--

CREATE FUNCTION public.clean_and_extract() RETURNS trigger
    LANGUAGE plpgsql
    AS $_$
BEGIN
    -- Extract batch (last 4-digit year)
    NEW.batch := regexp_replace(NEW.name, '.*-(\d{4})$', '\1');

    -- Extract department (word before batch range)
    NEW.department := regexp_replace(NEW.name, '.* (\w+) \d{4}-\d{4}', '\1');

    -- Remove department & batch from name
    NEW.name := regexp_replace(NEW.name, ' (\w+) \d{4}-\d{4}$', '');

    RETURN NEW;
END;
$_$;


--
-- Name: set_drive_link_null_on_expiry(); Type: FUNCTION; Schema: public; Owner: -
--

CREATE FUNCTION public.set_drive_link_null_on_expiry() RETURNS trigger
    LANGUAGE plpgsql
    AS $$
begin
  if NEW.expiration <= CURRENT_DATE then
    NEW.drive_link := NULL;
  end if;
  return NEW;
end;
$$;


SET default_tablespace = '';

SET default_table_access_method = heap;

--
-- Name: applications; Type: TABLE; Schema: public; Owner: -
--

CREATE TABLE public.applications (
    id bigint NOT NULL,
    student_id uuid NOT NULL,
    drive_id bigint NOT NULL,
    applied_at timestamp with time zone DEFAULT now() NOT NULL
);


--
-- Name: applications_id_seq; Type: SEQUENCE; Schema: public; Owner: -
--

ALTER TABLE public.applications ALTER COLUMN id ADD GENERATED ALWAYS AS IDENTITY (
    SEQUENCE NAME public.applications_id_seq
    START WITH 1
    INCREMENT BY 1
    NO MINVALUE
    NO MAXVALUE
    CACHE 1
);


--
-- Name: coordinators; Type: TABLE; Schema: public; Owner: -
--

CREATE TABLE public.coordinators (
    name text,
    dept text,
    "phone number" text,
    id smallint NOT NULL
);


--
-- Name: coordinators_id_seq; Type: SEQUENCE; Schema: public; Owner: -
--

ALTER TABLE public.coordinators ALTER COLUMN id ADD GENERATED BY DEFAULT AS IDENTITY (
    SEQUENCE NAME public.coordinators_id_seq
    START WITH 1
    INCREMENT BY 1
    NO MINVALUE
    NO MAXVALUE
    CACHE 1
);


--
-- Name: drive; Type: TABLE; Schema: public; Owner: -
--

CREATE TABLE public.drive (
    id bigint NOT NULL,
    created_at timestamp with time zone DEFAULT now() NOT NULL,
    company_name character varying,
    job_description text,
    drive_date date,
    expiration timestamp with time zone,
    batch text,
    department text[],
    drive_link text,
    role text,
    lpa text
);


--
-- Name: COLUMN drive.batch; Type: COMMENT; Schema: public; Owner: -
--

COMMENT ON COLUMN public.drive.batch IS 'batch students to whom the job application is applicable';


--
-- Name: COLUMN drive.department; Type: COMMENT; Schema: public; Owner: -
--

COMMENT ON COLUMN public.drive.department IS 'department to participate';


--
-- Name: COLUMN drive.role; Type: COMMENT; Schema: public; Owner: -
--

COMMENT ON COLUMN public.drive.role IS 'job role';


--
-- Name: drive_id_seq; Type: SEQUENCE; Schema: public; Owner: -
--

ALTER TABLE public.drive ALTER COLUMN id ADD GENERATED BY DEFAULT AS IDENTITY (
    SEQUENCE NAME public.drive_id_seq
    START WITH 1
    INCREMENT BY 1
    NO MINVALUE
    NO MAXVALUE
    CACHE 1
);


--
-- Name: events; Type: TABLE; Schema: public; Owner: -
--

CREATE TABLE public.events (
    id bigint NOT NULL,
    event_name text NOT NULL,
    event_link text,
    url text,
    date text
);


--
-- Name: TABLE events; Type: COMMENT; Schema: public; Owner: -
--

COMMENT ON TABLE public.events IS 'events in college';


--
-- Name: events_id_seq; Type: SEQUENCE; Schema: public; Owner: -
--

ALTER TABLE public.events ALTER COLUMN id ADD GENERATED BY DEFAULT AS IDENTITY (
    SEQUENCE NAME public.events_id_seq
    START WITH 1
    INCREMENT BY 1
    NO MINVALUE
    NO MAXVALUE
    CACHE 1
);


--
-- Name: group_mails; Type: TABLE; Schema: public; Owner: -
--

CREATE TABLE public.group_mails (
    id integer NOT NULL,
    email text NOT NULL
);


--
-- Name: group_mails_id_seq; Type: SEQUENCE; Schema: public; Owner: -
--

CREATE SEQUENCE public.group_mails_id_seq
    AS integer
    START WITH 1
    INCREMENT BY 1
    NO MINVALUE
    NO MAXVALUE
    CACHE 1;


--
-- Name: group_mails_id_seq; Type: SEQUENCE OWNED BY; Schema: public; Owner: -
--

ALTER SEQUENCE public.group_mails_id_seq OWNED BY public.group_mails.id;


--
-- Name: profiles; Type: TABLE; Schema: public; Owner: -
--

CREATE TABLE public.profiles (
    id uuid NOT NULL,
    user_role public.user_role NOT NULL,
    email text
);


--
-- Name: COLUMN profiles.email; Type: COMMENT; Schema: public; Owner: -
--

COMMENT ON COLUMN public.profiles.email IS 'email id from auth.users';


--
-- Name: staff; Type: TABLE; Schema: public; Owner: -
--

CREATE TABLE public.staff (
    staff_id uuid DEFAULT gen_random_uuid() NOT NULL,
    name text,
    email text NOT NULL,
    password text,
    department text,
    user_id uuid
);


--
-- Name: students; Type: TABLE; Schema: public; Owner: -
--

CREATE TABLE public.students (
    staff_id uuid,
    student_id uuid DEFAULT gen_random_uuid() NOT NULL,
    password text,
    email text NOT NULL,
    skill_set text,
    phone_number bigint,
    languages_known text,
    name text,
    tenth_mark double precision,
    twelfth_mark double precision,
    cgpa double precision,
    batch text,
    linkedin_url text,
    github_url text,
    reg_no text,
    roll_no integer,
    department text,
    no_of_arrears integer,
    user_id uuid,
    "placedStatus" public.placed_or_not DEFAULT 'no'::public.placed_or_not,
    url text,
    company_placed_in text
);


--
-- Name: super_admin; Type: TABLE; Schema: public; Owner: -
--

CREATE TABLE public.super_admin (
    id uuid DEFAULT gen_random_uuid() NOT NULL,
    email text NOT NULL,
    user_id uuid NOT NULL,
    password text,
    name text
);


--
-- Name: group_mails id; Type: DEFAULT; Schema: public; Owner: -
--

ALTER TABLE ONLY public.group_mails ALTER COLUMN id SET DEFAULT nextval('public.group_mails_id_seq'::regclass);


--
-- Data for Name: applications; Type: TABLE DATA; Schema: public; Owner: -
--

COPY public.applications (id, student_id, drive_id, applied_at) FROM stdin;
\.


--
-- Data for Name: coordinators; Type: TABLE DATA; Schema: public; Owner: -
--

COPY public.coordinators (name, dept, "phone number", id) FROM stdin;
 Dr. Yuvaraman Pandurangan, Ph.D	Head – Corporate Relations, Placements & Training	9940084070	6
\.


--
-- Data for Name: drive; Type: TABLE DATA; Schema: public; Owner: -
--

COPY public.drive (id, created_at, company_name, job_description, drive_date, expiration, batch, department, drive_link, role, lpa) FROM stdin;
87	2025-04-15 14:02:39.854321+00	Avasoft	Dear students,\n\nWe are happy to inform you that \n\nM/s.Avasoft has confirmed to visit our college for Campus Recruitment Process of 2025 Batch B. E/B.Tech/MCA Students on 08th July. \n\nDepartment - All branches\n\nKindly  prepare well. \n\nThank you.	2024-07-07	2024-07-05 12:00:00+00	2025	{"All branches"}	https://www.avasoft.com	Multiple Role	4-6 CTC
93	2025-04-17 16:05:18.586066+00	Tata Consultancy Services	We are excited to announce a recruitment drive by Tata Consultancy Services (TCS) for the 2025 batch. If you're looking to kickstart your career with a dynamic role and competitive compensation, don’t miss this opportunity!	2025-04-24	2025-04-22 12:59:00+00	2025	{CSE,IT,ECE,EEE,MCA}	Register Here	Associate Software Engineer	3.6 LPA
\.


--
-- Data for Name: events; Type: TABLE DATA; Schema: public; Owner: -
--

COPY public.events (id, event_name, event_link, url, date) FROM stdin;
59	Hackathon	https://hack.in	https://cvnwglrxkkpnboipxtzd.supabase.co/storage/v1/object/public/bucky/events/1744886777811_hackthon.png	2025-04-18
60	Hakcthon 2	https://hackininig.in	https://cvnwglrxkkpnboipxtzd.supabase.co/storage/v1/object/public/bucky/events/1744887114727_hackthon.png	2025-04-24
61	Haky	https://link.com	https://cvnwglrxkkpnboipxtzd.supabase.co/storage/v1/object/public/bucky/events/1744887430278_hackthon.webp	2025-04-23
\.


--
-- Data for Name: group_mails; Type: TABLE DATA; Schema: public; Owner: -
--

COPY public.group_mails (id, email) FROM stdin;
9	2116025@saec.ac.in
10	2116060@saec.ac.in
11	2116001@saec.ac.in
12	2116002@saec.ac.in
13	2116003@saec.ac.in
14	2116004@saec.ac.in
15	2116005@saec.ac.in
16	2116006@saec.ac.in
17	2116007@saec.ac.in
18	2116008@saec.ac.in
\.


--
-- Data for Name: profiles; Type: TABLE DATA; Schema: public; Owner: -
--

COPY public.profiles (id, user_role, email) FROM stdin;
9a5547cb-4d59-42f3-a598-69599632630b	student	2116008@saec.ac.in
9eeae487-e9ca-4c63-b915-abbf162823b2	super_admin	madhumegha900@gmail.com
6c2c7d7e-97e6-4db9-a990-b33710885e74	staff	mhajith2003@gmail.com
62c1f169-3909-4db8-b9c9-1a52c7d8cbd6	student	2116024@saec.ac.in
68525828-53dd-4de3-849a-40f9a0d189eb	super_admin	wpage2098@gmail.com
54c2c0ae-2cf6-4593-8717-4b90bfb2560c	staff	kganeshdurai@gmail.com
a36622c4-c859-40a4-a432-d54b36d9d104	super_admin	gushanandhini2004@gmail.com
33e33eb7-0c35-43e4-828a-3d669ca0eaba	student	2116056@saec.ac.in
\.


--
-- Data for Name: staff; Type: TABLE DATA; Schema: public; Owner: -
--

COPY public.staff (staff_id, name, email, password, department, user_id) FROM stdin;
9bdd9dbb-de0a-47fa-af16-5e09b2eaa600	\N	gushanandhini2004@gmail.com	$2a$10$tgLgXGco0nDGogDPvT0jTurYokmXwr5DQyzB/4MpRAnl8UflwA5si	CSE	\N
8923462b-747f-4230-9388-fdd2fb209d7a	\N	sample@saec.ac.in	$2a$10$d2ry4xKB3LxfNxxQyZtvhuASlCpdGb4P7RvZ3vx.1UQu4Muk5AEnG	CSE	\N
54c0e1e6-43c4-40d6-8107-f66e643a1b3e	Mohamed Hajith.M	mhajith2003@gmail.com	$2a$10$LhPe/qscegfOyxz02NdLKu32qmGM5SBOExFuKZLdigM/1/0w4g5Pu	CSE	6c2c7d7e-97e6-4db9-a990-b33710885e74
6990f354-436e-43e9-b021-5217fad84f13	Ganesh Durai	kganeshdurai@gmail.com	$2a$10$jvpXmQB1qmg0EoMmVnqt2OxpeEz0Z0CzvYZ8zr9F72ykKHisC9tei	CSE	54c2c0ae-2cf6-4593-8717-4b90bfb2560c
074fca58-144f-4830-bfac-e10f13f7c76a	\N	muthukumarasamy@saec.ac.in	$2a$10$9p3361ocKuwgI9JG6PJB1um7/uYmD7Of5wIcNxurmnk7cxYT.NrbS	CSE	\N
11a47cac-1610-4d2f-9a94-f08b432f72a2	\N	preethist@saec.ac.in	$2a$10$T9W0kwAypluouiwSU1JPAOEnPL2B1kRNOuyd2pqqXsOfSqcqLYBse	CSE	\N
7c034093-df81-46bd-b11f-d7937e66c473	\N	dhivyabharathi@saec.ac.in	$2a$10$MWuCBCMmwpjQtiUFU1sLvO0ClUMKzzGmHEUWUDYajNncbr8gbcp9u	CSE	\N
266454fb-41d6-4914-ae40-7a6c84cd4406	Web Page	wpage2098@gmail.com	\N	\N	68525828-53dd-4de3-849a-40f9a0d189eb
\.


--
-- Data for Name: students; Type: TABLE DATA; Schema: public; Owner: -
--

COPY public.students (staff_id, student_id, password, email, skill_set, phone_number, languages_known, name, tenth_mark, twelfth_mark, cgpa, batch, linkedin_url, github_url, reg_no, roll_no, department, no_of_arrears, user_id, "placedStatus", url, company_placed_in) FROM stdin;
11a47cac-1610-4d2f-9a94-f08b432f72a2	ec9fcfa4-330a-4902-b318-74c0d30b9e19	$2a$10$vJzwCqgoIGJtC5tzowIoA.DPRlbXKxtpUoSB528v8sHarZ830zhSe	2116001@saec.ac.in	\N	\N	\N	\N	\N	\N	\N	2025	\N	\N	\N	\N	CSE	\N	\N	no	\N	\N
11a47cac-1610-4d2f-9a94-f08b432f72a2	8fa1fdfb-cf22-4801-8a2e-ed8ce832d1c7	$2a$10$Co9bzzHWbZdHzm6o/czbYeZx8AZjGW8YeLNW9KfJlTq95aCdoSIgK	2116002@saec.ac.in	\N	\N	\N	\N	\N	\N	\N	2025	\N	\N	\N	\N	CSE	\N	\N	no	\N	\N
11a47cac-1610-4d2f-9a94-f08b432f72a2	6078af87-829b-4df0-b547-bbe1c4c0a615	$2a$10$rglGWjtgnXv06BG8treutusX7lkPcJgZ6UNgrtPk2exlWSfSfVxia	2116003@saec.ac.in	\N	\N	\N	\N	\N	\N	\N	2025	\N	\N	\N	\N	CSE	\N	\N	no	\N	\N
11a47cac-1610-4d2f-9a94-f08b432f72a2	eaeb775d-bea4-4c5a-a188-d53eda93dffb	$2a$10$SO5vUjxAncsIWtEoGfF0ceQNPCwk60KBTxxpMPsamt1YryzCI4s7q	2116005@saec.ac.in	\N	\N	\N	\N	\N	\N	\N	2025	\N	\N	\N	\N	CSE	\N	\N	no	\N	\N
11a47cac-1610-4d2f-9a94-f08b432f72a2	9ad997e8-d615-4c3d-bfe0-8251d796b6cd	$2a$10$1/LGRzDuN3tG2nlXc2nQKO5IbfWq3/gi5fv/Xf57HTw9tlrXWjLd.	2116006@saec.ac.in	\N	\N	\N	\N	\N	\N	\N	2025	\N	\N	\N	\N	CSE	\N	\N	no	\N	\N
11a47cac-1610-4d2f-9a94-f08b432f72a2	c53548bc-947f-43e9-9824-327b156c88fd	$2a$10$2321Ltjl5SLeYsLmffOIhue8Pm4/bUENqq1sulJNnQ3spfowznOO2	2116007@saec.ac.in	\N	\N	\N	\N	\N	\N	\N	2025	\N	\N	\N	\N	CSE	\N	\N	no	\N	\N
11a47cac-1610-4d2f-9a94-f08b432f72a2	85eb96dd-6123-4a2e-a3a5-1fdc0411b968	$2a$10$ZnEqdgedwBDheT19X8yPbObAVGZjS5cRCW4qCW1s9XGGpfP0HAIaC	2116009@saec.ac.in	\N	\N	\N	\N	\N	\N	\N	2025	\N	\N	\N	\N	CSE	\N	\N	no	\N	\N
11a47cac-1610-4d2f-9a94-f08b432f72a2	c707c653-ca8b-4efc-beea-f87d49b06219	$2a$10$6jw5kwQvt/IZBxF1m3si5OJ0e3cu.okX.ZHb.cB8RE0VCCcnOP.Rq	2116010@saec.ac.in	\N	\N	\N	\N	\N	\N	\N	2025	\N	\N	\N	\N	CSE	\N	\N	no	\N	\N
11a47cac-1610-4d2f-9a94-f08b432f72a2	01f7e4de-9623-4984-b6ad-d87c6d3384ae	$2a$10$jS/j9qqCQIoSNfPm5sIKkOeZMm3YW3d5Fw36M/Lt.MxN5ov5.4L7u	2116013@saec.ac.in	\N	\N	\N	\N	\N	\N	\N	2025	\N	\N	\N	\N	CSE	\N	\N	no	\N	\N
11a47cac-1610-4d2f-9a94-f08b432f72a2	b3522f69-48a2-4794-b83e-ab42e95bf0ee	$2a$10$SFq4OsMfIOkw7P2.ZtdOMueUytgcFX7qoWJliOHj1eKpQ8bdVHx46	2116014@saec.ac.in	\N	\N	\N	\N	\N	\N	\N	2025	\N	\N	\N	\N	CSE	\N	\N	no	\N	\N
11a47cac-1610-4d2f-9a94-f08b432f72a2	7cad5012-019d-4702-a3ca-2e2d6fd6b55a	$2a$10$8VMSnxD3AsZqehKZKCtSbOx5wwD5ZBDXA9XrmIHJe4kbFE3Rawfqu	2116015@saec.ac.in	\N	\N	\N	\N	\N	\N	\N	2025	\N	\N	\N	\N	CSE	\N	\N	no	\N	\N
11a47cac-1610-4d2f-9a94-f08b432f72a2	b82550e3-67cd-4358-b49c-4f27c123cbb1	$2a$10$wQb7SkeycxantXV2bquSbu9JdnnpfOqIYlUnLcnt.RtWlMfSJnHgK	2116016@saec.ac.in	\N	\N	\N	\N	\N	\N	\N	2025	\N	\N	\N	\N	CSE	\N	\N	no	\N	\N
11a47cac-1610-4d2f-9a94-f08b432f72a2	68ed2676-18fd-48df-ab8e-0e6af6f13e2c	$2a$10$2wD9acIHqgnDmzrraTYyqObxMZ9I6nnroAVx84AGWACK5h/7OcRcO	2116017@saec.ac.in	\N	\N	\N	\N	\N	\N	\N	2025	\N	\N	\N	\N	CSE	\N	\N	no	\N	\N
11a47cac-1610-4d2f-9a94-f08b432f72a2	bf8f8a0f-f02e-481a-9504-9ae2e625d494	$2a$10$Eg7axff.9XFfaNvYLimUwu4ALOdquaKGX1K15N0kmVh/21/N4lX.y	2116018@saec.ac.in	\N	\N	\N	\N	\N	\N	\N	2025	\N	\N	\N	\N	CSE	\N	\N	no	\N	\N
11a47cac-1610-4d2f-9a94-f08b432f72a2	1c02b822-fa6a-45bd-8834-b4b39826dbce	$2a$10$YPAxZErliwXq4PziqBmrq.uEGJEjgqDtqaL45CzfQDhQDFGdTmSZy	2116019@saec.ac.in	\N	\N	\N	\N	\N	\N	\N	2025	\N	\N	\N	\N	CSE	\N	\N	no	\N	\N
7c034093-df81-46bd-b11f-d7937e66c473	aff05681-57c0-4e30-8c9d-de2f2197c7cc	$2a$10$V0uoIvqSfBNjT/q/8mAFR.e/gd5daPuHzq/JPSj7ISdTRIqSHq5l6	2116020@saec.ac.in	\N	\N	\N	\N	\N	\N	\N	2025	\N	\N	\N	\N	CSE	\N	\N	no	\N	\N
11a47cac-1610-4d2f-9a94-f08b432f72a2	d8d77514-713c-4628-8458-a472ada5f22b	$2a$10$ALZAgLNkcfklPG3DedlKwOAJz9GWJu5sXg/tHxCmabFvHMr4LhHM.	2116008@saec.ac.in	\N	\N	\N	CHANDRASEKAR K V CSE 2021-2025	\N	\N	\N	2025	\N	\N	\N	\N	CSE	\N	9a5547cb-4d59-42f3-a598-69599632630b	no	\N	\N
7c034093-df81-46bd-b11f-d7937e66c473	b8acd4e5-fd8e-400f-976c-f4e3b6afa029	$2a$10$.Hdx3Gkm679g1jink8pFwe4x9iIZsnMawNMEPZGZS7525wH378xVS	2116022@saec.ac.in	\N	\N	\N	\N	\N	\N	\N	2025	\N	\N	\N	\N	CSE	\N	\N	no	\N	\N
7c034093-df81-46bd-b11f-d7937e66c473	4454c276-be2e-4738-b1a5-097a9ef98dd0	$2a$10$XjqFimtNdq3bqWdcmlPup.TGGutwodcz00nLyC9t42fx6f82Ruvdq	2116023@saec.ac.in	\N	\N	\N	\N	\N	\N	\N	2025	\N	\N	\N	\N	CSE	\N	\N	no	\N	\N
7c034093-df81-46bd-b11f-d7937e66c473	666bd3ad-3d8e-4e5c-8692-4b510df50294	$2a$10$MyYponL4oj8TUasNfVneY.F73E1YITNWXva9gRVv4G0NsNEZbb87W	2116025@saec.ac.in	\N	1234569871	\N	\N	\N	\N	81	2025	\N	\N	111921CS10189	\N	CSE	\N	\N	no	\N	\N
7c034093-df81-46bd-b11f-d7937e66c473	1c0a3f82-4528-46a9-a7a3-80eca6304e4e	$2a$10$.keSLB9NtcKg3hQwmEur2ejKVZ.pvU0T7IP4Yh65y2IBe3Rsa5Pha	2116027@saec.ac.in	\N	\N	\N	\N	\N	\N	\N	2025	\N	\N	\N	\N	CSE	\N	\N	no	\N	\N
7c034093-df81-46bd-b11f-d7937e66c473	680297ca-a8e6-44a2-a596-11d6a19ae1bf	$2a$10$rf1XgQffONy1cLjMK4HQ4O3mFLnnG3RpFjDFX/B5/.H4atIA3mUrm	2116028@saec.ac.in	\N	\N	\N	\N	\N	\N	\N	2025	\N	\N	\N	\N	CSE	\N	\N	no	\N	\N
7c034093-df81-46bd-b11f-d7937e66c473	5eeaa6e0-e5da-419b-ab74-eecb7b9d7fa7	$2a$10$K1szry5Lbx./zt5wx3hg3u3wmPqiEtM8JiTu67AZR2bSiSddTtEYa	2116029@saec.ac.in	\N	\N	\N	\N	\N	\N	\N	2025	\N	\N	\N	\N	CSE	\N	\N	no	\N	\N
7c034093-df81-46bd-b11f-d7937e66c473	da75b0e5-527e-4856-ab25-447c3f168d4b	$2a$10$mcd6zyISSoX78Vdc2/MhTuTKG9pMZ7xMAoQdQs5svHPb.rrBOCPJi	2116030@saec.ac.in	\N	\N	\N	\N	\N	\N	\N	2025	\N	\N	\N	\N	CSE	\N	\N	no	\N	\N
7c034093-df81-46bd-b11f-d7937e66c473	8555c67a-9bbd-467c-806c-dd3d07ce80a4	$2a$10$OAr/VkL/EqCVAIc4LDr4V./nQjJ5Ea6JaNeDc7F/7NRGFawrqISiK	2116031@saec.ac.in	\N	\N	\N	\N	\N	\N	\N	2025	\N	\N	\N	\N	CSE	\N	\N	no	\N	\N
7c034093-df81-46bd-b11f-d7937e66c473	0dcfd7a7-9611-43c3-b8f3-8bba77d2304f	$2a$10$NdQh6ONopkVH2AvDYjRvwu4BQCHANuliIfE2XPs.Dq1MPYj4E2BAa	2116032@saec.ac.in	\N	\N	\N	\N	\N	\N	\N	2025	\N	\N	\N	\N	CSE	\N	\N	no	\N	\N
7c034093-df81-46bd-b11f-d7937e66c473	80df7e0c-d2a2-4ada-960f-44517837a5b6	$2a$10$kiLlr0tFcxCiOp05ZIgnf.GzIAweOHyOwcMHOaPVKXfbFF9V371Om	2116033@saec.ac.in	\N	\N	\N	\N	\N	\N	\N	2025	\N	\N	\N	\N	CSE	\N	\N	no	\N	\N
7c034093-df81-46bd-b11f-d7937e66c473	d1eea846-a140-4809-8b9a-8bfff0b4c8d4	$2a$10$8eb2UsOPtoHiZimWMqmE7u4XmmLeFBO20AYPrRU1vC8yIMapeb/uO	2116034@saec.ac.in	\N	\N	\N	\N	\N	\N	\N	2025	\N	\N	\N	\N	CSE	\N	\N	no	\N	\N
7c034093-df81-46bd-b11f-d7937e66c473	dd1149ae-af44-4dd0-9690-d078445347a6	$2a$10$gfOW/R288gthS/QYI45H0OIclZI2FDPrvSblndloFWJ2xC7qsIIC2	2116035@saec.ac.in	\N	\N	\N	\N	\N	\N	\N	2025	\N	\N	\N	\N	CSE	\N	\N	no	\N	\N
7c034093-df81-46bd-b11f-d7937e66c473	f5f7cfda-64ef-44de-b551-6176230ac03b	$2a$10$PQVdQFP.VJce.D9lWg6F2uStULcSJjNpbNMbwfdW/hPQlh8Sv4PSW	2116036@saec.ac.in	\N	\N	\N	\N	\N	\N	\N	2025	\N	\N	\N	\N	CSE	\N	\N	no	\N	\N
7c034093-df81-46bd-b11f-d7937e66c473	4f61623b-1d65-4c7f-b030-108b0f3d12dc	$2a$10$0HJmufenDAG3.6B0Kgntz.7vlckhjFivSz7ZQzL3uzQoObm6yDvQy	2116037@saec.ac.in	\N	\N	\N	\N	\N	\N	\N	2025	\N	\N	\N	\N	CSE	\N	\N	no	\N	\N
7c034093-df81-46bd-b11f-d7937e66c473	f7a21864-b703-4b5c-b270-2498a53ac315	$2a$10$QT79/J2Q3Lr6fQzxauONBeNpIvITHO.zUQzeuJWmokGmz4Rky2Moy	2116038@saec.ac.in	\N	\N	\N	\N	\N	\N	\N	2025	\N	\N	\N	\N	CSE	\N	\N	no	\N	\N
7c034093-df81-46bd-b11f-d7937e66c473	8cee87a2-01e6-4b81-bb5d-80491e425cd1	$2a$10$OWZVT0iwPYGa3RxPnlE9h.aSccrfiV.ZQE2fWalshG0pclbPndDTa	2116039@saec.ac.in	\N	\N	\N	\N	\N	\N	\N	2025	\N	\N	\N	\N	CSE	\N	\N	no	\N	\N
074fca58-144f-4830-bfac-e10f13f7c76a	788516ef-eef9-48b7-836f-695e628f5f99	$2a$10$K3hMFR9B8S4heh0g56qE5.Cm.AG8ey2gdwJKNbxjrblv53A6XFXt.	2116040@saec.ac.in	\N	\N	\N	\N	\N	\N	\N	2025	\N	\N	\N	\N	CSE	\N	\N	no	\N	\N
074fca58-144f-4830-bfac-e10f13f7c76a	23aa8218-e181-4f69-be15-18c59d1da1f5	$2a$10$r3BKBChdZZaK4/6Yf2k7w.unM9nCpxLEAQY0uCZJMbQ3/DKYp1koC	2116041@saec.ac.in	\N	\N	\N	\N	\N	\N	\N	2025	\N	\N	\N	\N	CSE	\N	\N	no	\N	\N
074fca58-144f-4830-bfac-e10f13f7c76a	ffb611dc-d78a-4f3e-a915-838ce5c10f10	$2a$10$1SjO7j7VrCUTB4Ml26ClD.JcQ9W3cdeA3LHUO7tguQxJHgsyGDzC6	2116042@saec.ac.in	\N	\N	\N	\N	\N	\N	\N	2025	\N	\N	\N	\N	CSE	\N	\N	no	\N	\N
074fca58-144f-4830-bfac-e10f13f7c76a	afddd447-469e-437a-8ee8-216ae501ea16	$2a$10$vUZjCJj3dv2CoRYmEQcmX.yEzJbV5DP5NJiu2bSFI7tOVDhBvoGn2	2116043@saec.ac.in	\N	\N	\N	\N	\N	\N	\N	2025	\N	\N	\N	\N	CSE	\N	\N	no	\N	\N
074fca58-144f-4830-bfac-e10f13f7c76a	1d3c5bbd-fec2-4a7f-a47d-a831134a9cb7	$2a$10$ZBLd4tb4gDZ/ipoXG/jMwuXuz6fdkTRn6x5WBvZzGCcFZ7ASNj95W	2116044@saec.ac.in	\N	\N	\N	\N	\N	\N	\N	2025	\N	\N	\N	\N	CSE	\N	\N	no	\N	\N
074fca58-144f-4830-bfac-e10f13f7c76a	89518014-56bc-46a4-99cf-96fd6fa32f31	$2a$10$CdACgJWbBZu.HQT6hc/ckOo.KcE.thg6Bl6ct./QU2ilarRxQ4gVy	2116046@saec.ac.in	\N	\N	\N	\N	\N	\N	\N	2025	\N	\N	\N	\N	CSE	\N	\N	no	\N	\N
074fca58-144f-4830-bfac-e10f13f7c76a	270ae839-57ac-4e92-9c0d-097f11fbc53d	$2a$10$Gmosw0bUQRH8ItRdEYIIoOaB1oI2kjASEv2SNDhjLaufKNW/7Xgyy	2116047@saec.ac.in	\N	\N	\N	\N	\N	\N	\N	2025	\N	\N	\N	\N	CSE	\N	\N	no	\N	\N
074fca58-144f-4830-bfac-e10f13f7c76a	ced8747e-5703-49d0-98ae-d4c021dc90ee	$2a$10$ljcHwCTISVDM1lSpdz.QOeyPFEOKU6BYQ..VdN1eYLc1iSCjF6FJS	2116048@saec.ac.in	\N	\N	\N	\N	\N	\N	\N	2025	\N	\N	\N	\N	CSE	\N	\N	no	\N	\N
074fca58-144f-4830-bfac-e10f13f7c76a	c925f3e6-f9ac-4e52-ba04-e495dffe139f	$2a$10$jaHEcVGIeru0FHLcgkjPNeDURhqabS3wp9Z8utYX2Q2YZU5O2FAuq	2116049@saec.ac.in	\N	\N	\N	\N	\N	\N	\N	2025	\N	\N	\N	\N	CSE	\N	\N	no	\N	\N
074fca58-144f-4830-bfac-e10f13f7c76a	c9881749-fcd8-4c40-8cf8-2e262aaa3d22	$2a$10$FAbFbn4sDdP7GG..Gac17OshYuSL8HKsNbXETFfjl1Is6YaPoU9dS	2116050@saec.ac.in	\N	\N	\N	\N	\N	\N	\N	2025	\N	\N	\N	\N	CSE	\N	\N	no	\N	\N
11a47cac-1610-4d2f-9a94-f08b432f72a2	ceddfb18-62a9-4861-a773-95245960f01b	$2a$10$H4UxBPfvjzrEmnMPrOibn.QLNXIWVl6wGt6iV0LcOmyt6VXUTpE.u	2116011@saec.ac.in	\N	\N	\N	\N	\N	\N	7	2025	\N	\N	\N	\N	CSE	\N	\N	no	\N	\N
11a47cac-1610-4d2f-9a94-f08b432f72a2	35739181-435c-4658-84d6-181e7db0a820	$2a$10$vr6dqBE8Dbt0ekWAvBdpC.PK3A0lHjG1HdLd9aNKH3F5F7FbNGETi	2116012@saec.ac.in	\N	7894562	\N	\N	\N	\N	6	2025	\N	\N	\N	\N	CSE	\N	\N	no	\N	\N
074fca58-144f-4830-bfac-e10f13f7c76a	6109dfbc-35e1-43e6-8d67-87948d67f657	$2a$10$4ahhrZEzMNMuBRmXnBOJmOpqSYvBNxsx6xy7uiIcmIFvqlh291Xy2	2116051@saec.ac.in	\N	\N	\N	\N	\N	\N	\N	2025	\N	\N	\N	\N	CSE	\N	\N	no	\N	\N
7c034093-df81-46bd-b11f-d7937e66c473	76486955-8ff8-4aa5-8082-d4df60f8c333	$2a$10$qx.N9TVi2NM3iEtwdUSctOpCOsB7WzRBK6nt1Hymj8v97Tf.otJ56	dhivyabharathi@saec.ac.in	\N	\N	\N	\N	\N	\N	\N	2025	\N	\N	\N	\N	CSE	\N	\N	no	\N	\N
074fca58-144f-4830-bfac-e10f13f7c76a	d50c09df-33d9-4f30-a425-fdc0a387f276	$2a$10$M9xsWJw7SUke3yzMoG8VC.21ezSTh3RF7L9qqYmxTUWzFob.9aDey	2116052@saec.ac.in	\N	\N	\N	\N	\N	\N	\N	2025	\N	\N	\N	\N	CSE	\N	\N	no	\N	\N
074fca58-144f-4830-bfac-e10f13f7c76a	1cf31a3a-fdb7-4759-803f-72e1f35783d8	$2a$10$jsdYNHmPoh7bp79cEGE5R.QiLphjp6q1O/DmIuhvgAgDbItrse/j2	2116053@saec.ac.in	\N	\N	\N	\N	\N	\N	\N	2025	\N	\N	\N	\N	CSE	\N	\N	no	\N	\N
074fca58-144f-4830-bfac-e10f13f7c76a	2b3c11ff-d5e0-4588-9130-18754c62b016	$2a$10$Iy4qgcEDczZPP8EvOJjfWu60gmhQk.eCyldDTgXc79MLjC9EqAHwS	2116054@saec.ac.in	\N	\N	\N	\N	\N	\N	\N	2025	\N	\N	\N	\N	CSE	\N	\N	no	\N	\N
074fca58-144f-4830-bfac-e10f13f7c76a	ea05861a-85f8-4ced-ac0d-d429ddd0713f	$2a$10$lDgEayVRWBAncYCg2ClfhOTaGXWAN9rdHEvjaGufIZY8L04Uf9hZW	2116055@saec.ac.in	\N	\N	\N	\N	\N	\N	\N	2025	\N	\N	\N	\N	CSE	\N	\N	no	\N	\N
074fca58-144f-4830-bfac-e10f13f7c76a	13093ea0-3bf2-4610-9c4f-82f04bdcff99	$2a$10$a7Zq5W.wVkDwB6yt2x6DyOR7FEWTOWQxhbcAE12wfY9MF309kKpjy	2116057@saec.ac.in	\N	\N	\N	\N	\N	\N	\N	2025	\N	\N	\N	\N	CSE	\N	\N	no	\N	\N
074fca58-144f-4830-bfac-e10f13f7c76a	7f8633c9-2baf-4dd4-b101-c576758a6d8a	$2a$10$1xvRu6zEkbxKaVfACQjvH.KP.nI2e/Ntb.g3YD.XACtomZ0G.EXyq	2116058@saec.ac.in	\N	\N	\N	\N	\N	\N	\N	2025	\N	\N	\N	\N	CSE	\N	\N	no	\N	\N
074fca58-144f-4830-bfac-e10f13f7c76a	e2367ab9-5b67-4dba-b6bb-8456908a668a	$2a$10$BObaQVzOvWrIwgeAdbppBeeyFX4FrigFGPAYbt0Lla6AHOvB7EEQa	2116059@saec.ac.in	\N	\N	\N	\N	\N	\N	\N	2025	\N	\N	\N	\N	CSE	\N	\N	no	\N	\N
6990f354-436e-43e9-b021-5217fad84f13	addbd508-76f5-4cb0-8166-8cf76a3aa7ca	$2a$10$ztD0aAZ1cKDM58U/4zTcVuWWF2KUhkX/IoCd0ErVb5RFtXi1iaDRC	2116089@saec.ac.in	\N	\N	\N	\N	\N	\N	\N	\N	\N	\N	\N	\N	\N	\N	\N	no	\N	\N
54c0e1e6-43c4-40d6-8107-f66e643a1b3e	40a4c7e1-4a2e-4507-9e16-789298d1044e	$2a$10$5BPFCaqPwFIms1XRu76HNuoer6CLTYGfhu31dU/PTKWwAhwsFynVu	2217024@saec.ac.in	\N	\N	\N	\N	\N	\N	\N	\N	\N	\N	1119210321344	\N	\N	\N	\N	no	\N	\N
11a47cac-1610-4d2f-9a94-f08b432f72a2	01da78ef-cba3-455b-b47c-8a892298e728	$2a$10$ve3Nu6ir3/FsuLHEuktb3O/.YQ2vKHgRJO/yt7pnWaNRfFievkc.W	2116004@saec.ac.in	\N	1234587922	\N	Aravind K	\N	\N	\N	2025	\N	\N	111921CS01010	\N	Aravind K	\N	\N	no	\N	\N
074fca58-144f-4830-bfac-e10f13f7c76a	37fc81a4-c55c-482f-9877-d390bc2e9ad9	$2a$10$UyA03.n1xyTgs5FoGCtVeuQ5Ao638WmJN16LsspQ/OV7XEHdTKdmy	2116045@saec.ac.in	MERN Stack	123456787	Tamil, English	Sri Balaji	\N	\N	8.1	2025	\N	\N	111921CS01148	\N	Sri Balaji	0	\N	no	\N	\N
7c034093-df81-46bd-b11f-d7937e66c473	c6652331-ab22-45c5-95da-936dc6e3c9a5	$2a$10$XV/NBASuJHpt0PVHTzZ7Ae2U/hcVgWdfFP1HfkhSEptzlmhjHHoKC	2116021@saec.ac.in	\N	\N	\N	MADHUMITTA P CSE 2021-2025	\N	\N	\N	2025	\N	\N	\N	\N	CSE	\N	\N	no	\N	\N
54c0e1e6-43c4-40d6-8107-f66e643a1b3e	93776aa4-b13d-4536-a683-7625932ddc14	$2a$10$Fcn35gDDHFs0w8ypDxZxcOTak1l2hjz3o9U.jgqdYzifeBPTj9zoC	2117555@saec.ac.in	\N	\N	\N	\N	\N	\N	\N	2026	\N	\N	\N	\N	CSE	\N	\N	no	\N	\N
7c034093-df81-46bd-b11f-d7937e66c473	f1978cbd-2cdb-45b7-a67c-46b44c3c0ff3	$2a$10$uyhi.oWox6sHJ8Wba1Q.leCCetNpsXWYVMz63QZzHppjypwtCRNju	2116026@saec.ac.in	\N	\N	\N	\N	\N	\N	\N	2025	\N	\N	\N	\N	CSE	\N	\N	no	\N	\N
7c034093-df81-46bd-b11f-d7937e66c473	1cafc2e9-b5f8-4f37-9443-2ad6d28ce3b4	$2a$10$uxFP6X.cDPJsINOXPVQzj.fflKaCSWO2w3TjDrgLcAnyXEBpBqB3W	2116024@saec.ac.in	\N	7338931662	\N	MOHAMED HAJITH M	81	86	10	2025	\N	\N	111921CS01085	\N	CSE	0	62c1f169-3909-4db8-b9c9-1a52c7d8cbd6	no	\N	\N
54c0e1e6-43c4-40d6-8107-f66e643a1b3e	00208098-5726-4a53-b77c-c3cf18a7db4b	$2a$10$/EmvZkEBYzUP1GFrpaRNHuLGQ0rxC.o/8hic88tmFsPs8.dU60p1m	2116100@saec.ac.in	\N	\N	\N	\N	\N	\N	\N	2026	\N	\N	\N	\N	\N	\N	\N	no	\N	\N
11a47cac-1610-4d2f-9a94-f08b432f72a2	7aa4161a-6e2b-41e8-8a62-1ca6f14604c9	$2a$10$LDFB76lKqKkWCshp/s31cuFTRF.9Xc5Rd2fL9dNA61L0fZdcglkaq	1234567@saec.ac.in	\N	\N	\N	\N	\N	\N	\N	2026	\N	\N	\N	\N	CSE	\N	\N	yes	\N	Google
6990f354-436e-43e9-b021-5217fad84f13	7458e744-7a97-4903-8678-7fffdc925aff	$2a$10$aslsMGk8tNo5AL5Y3E8zeOGI3ysbNwvHl6oQ5eL4Pqnz/U6w9juOa	2116056@saec.ac.in	Full Stack Developer	\N	Tamil, English	USHA NANDHINI G	\N	\N	\N	2025	\N	\N	\N	\N	CSE	\N	33e33eb7-0c35-43e4-828a-3d669ca0eaba	no	https://cvnwglrxkkpnboipxtzd.supabase.co/storage/v1/object/public/bucky/uploads/1744949723640_hackthon.webp	\N
074fca58-144f-4830-bfac-e10f13f7c76a	4890ffed-42b7-4394-9611-658d92a1955c	$2a$10$USkeGfcD.pNmfGdAL0W/cOrx/9H1TPY/2x6Nz1AYQ2OgYmhfbFBoK	2116060@saec.ac.in	\N	\N	\N	\N	\N	\N	\N	\N	\N	\N	\N	\N	\N	\N	\N	no	\N	\N
\.


--
-- Data for Name: super_admin; Type: TABLE DATA; Schema: public; Owner: -
--

COPY public.super_admin (id, email, user_id, password, name) FROM stdin;
a28f5991-94c6-4591-b377-dd9510380593	wpage2098@gmail.com	68525828-53dd-4de3-849a-40f9a0d189eb	\N	Web Page
f3b32260-50da-4615-aeb3-141a28b43aa5	gushanandhini2004@gmail.com	a36622c4-c859-40a4-a432-d54b36d9d104	$2b$10$Udt1qHbv/fSLhaKhvo8dpuTlsapaQBZgNNx5E6shvqKc.1ylR/6.G	Usha Nandhini
\.


--
-- Name: applications_id_seq; Type: SEQUENCE SET; Schema: public; Owner: -
--

SELECT pg_catalog.setval('public.applications_id_seq', 92, true);


--
-- Name: coordinators_id_seq; Type: SEQUENCE SET; Schema: public; Owner: -
--

SELECT pg_catalog.setval('public.coordinators_id_seq', 6, true);


--
-- Name: drive_id_seq; Type: SEQUENCE SET; Schema: public; Owner: -
--

SELECT pg_catalog.setval('public.drive_id_seq', 93, true);


--
-- Name: events_id_seq; Type: SEQUENCE SET; Schema: public; Owner: -
--

SELECT pg_catalog.setval('public.events_id_seq', 61, true);


--
-- Name: group_mails_id_seq; Type: SEQUENCE SET; Schema: public; Owner: -
--

SELECT pg_catalog.setval('public.group_mails_id_seq', 18, true);


--
-- Name: applications applications_pkey; Type: CONSTRAINT; Schema: public; Owner: -
--

ALTER TABLE ONLY public.applications
    ADD CONSTRAINT applications_pkey PRIMARY KEY (id);


--
-- Name: coordinators coordinators_id_key; Type: CONSTRAINT; Schema: public; Owner: -
--

ALTER TABLE ONLY public.coordinators
    ADD CONSTRAINT coordinators_id_key UNIQUE (id);


--
-- Name: coordinators coordinators_pkey; Type: CONSTRAINT; Schema: public; Owner: -
--

ALTER TABLE ONLY public.coordinators
    ADD CONSTRAINT coordinators_pkey PRIMARY KEY (id);


--
-- Name: drive drive_pkey; Type: CONSTRAINT; Schema: public; Owner: -
--

ALTER TABLE ONLY public.drive
    ADD CONSTRAINT drive_pkey PRIMARY KEY (id);


--
-- Name: events events_pkey; Type: CONSTRAINT; Schema: public; Owner: -
--

ALTER TABLE ONLY public.events
    ADD CONSTRAINT events_pkey PRIMARY KEY (id);


--
-- Name: group_mails group_mails_email_key; Type: CONSTRAINT; Schema: public; Owner: -
--

ALTER TABLE ONLY public.group_mails
    ADD CONSTRAINT group_mails_email_key UNIQUE (email);


--
-- Name: group_mails group_mails_pkey; Type: CONSTRAINT; Schema: public; Owner: -
--

ALTER TABLE ONLY public.group_mails
    ADD CONSTRAINT group_mails_pkey PRIMARY KEY (id);


--
-- Name: profiles profiles_email_key; Type: CONSTRAINT; Schema: public; Owner: -
--

ALTER TABLE ONLY public.profiles
    ADD CONSTRAINT profiles_email_key UNIQUE (email);


--
-- Name: profiles profiles_pkey; Type: CONSTRAINT; Schema: public; Owner: -
--

ALTER TABLE ONLY public.profiles
    ADD CONSTRAINT profiles_pkey PRIMARY KEY (id);


--
-- Name: staff staff_email_unique; Type: CONSTRAINT; Schema: public; Owner: -
--

ALTER TABLE ONLY public.staff
    ADD CONSTRAINT staff_email_unique UNIQUE (email);


--
-- Name: staff staff_pkey; Type: CONSTRAINT; Schema: public; Owner: -
--

ALTER TABLE ONLY public.staff
    ADD CONSTRAINT staff_pkey PRIMARY KEY (staff_id);


--
-- Name: students students_email_unique; Type: CONSTRAINT; Schema: public; Owner: -
--

ALTER TABLE ONLY public.students
    ADD CONSTRAINT students_email_unique UNIQUE (email);


--
-- Name: students students_pkey; Type: CONSTRAINT; Schema: public; Owner: -
--

ALTER TABLE ONLY public.students
    ADD CONSTRAINT students_pkey PRIMARY KEY (student_id);


--
-- Name: students students_reg_no_key; Type: CONSTRAINT; Schema: public; Owner: -
--

ALTER TABLE ONLY public.students
    ADD CONSTRAINT students_reg_no_key UNIQUE (reg_no);


--
-- Name: students students_roll_no_key; Type: CONSTRAINT; Schema: public; Owner: -
--

ALTER TABLE ONLY public.students
    ADD CONSTRAINT students_roll_no_key UNIQUE (roll_no);


--
-- Name: students students_student_id_unique; Type: CONSTRAINT; Schema: public; Owner: -
--

ALTER TABLE ONLY public.students
    ADD CONSTRAINT students_student_id_unique UNIQUE (student_id);


--
-- Name: super_admin super_admin_email_key; Type: CONSTRAINT; Schema: public; Owner: -
--

ALTER TABLE ONLY public.super_admin
    ADD CONSTRAINT super_admin_email_key UNIQUE (email);


--
-- Name: super_admin super_admin_pkey; Type: CONSTRAINT; Schema: public; Owner: -
--

ALTER TABLE ONLY public.super_admin
    ADD CONSTRAINT super_admin_pkey PRIMARY KEY (id, user_id);


--
-- Name: super_admin super_admin_user_id_key; Type: CONSTRAINT; Schema: public; Owner: -
--

ALTER TABLE ONLY public.super_admin
    ADD CONSTRAINT super_admin_user_id_key UNIQUE (user_id);


--
-- Name: applications unique_application; Type: CONSTRAINT; Schema: public; Owner: -
--

ALTER TABLE ONLY public.applications
    ADD CONSTRAINT unique_application UNIQUE (student_id, drive_id);


--
-- Name: students unique_student_reg_no; Type: CONSTRAINT; Schema: public; Owner: -
--

ALTER TABLE ONLY public.students
    ADD CONSTRAINT unique_student_reg_no UNIQUE (reg_no);


--
-- Name: students unique_student_roll_no; Type: CONSTRAINT; Schema: public; Owner: -
--

ALTER TABLE ONLY public.students
    ADD CONSTRAINT unique_student_roll_no UNIQUE (roll_no);


--
-- Name: students before_update_students; Type: TRIGGER; Schema: public; Owner: -
--

CREATE TRIGGER before_update_students BEFORE UPDATE OF name ON public.students FOR EACH ROW EXECUTE FUNCTION public.clean_and_extract();


--
-- Name: drive trigger_nullify_drive_link; Type: TRIGGER; Schema: public; Owner: -
--

CREATE TRIGGER trigger_nullify_drive_link BEFORE UPDATE ON public.drive FOR EACH ROW EXECUTE FUNCTION public.set_drive_link_null_on_expiry();


--
-- Name: applications applications_drive_id_fkey; Type: FK CONSTRAINT; Schema: public; Owner: -
--

ALTER TABLE ONLY public.applications
    ADD CONSTRAINT applications_drive_id_fkey FOREIGN KEY (drive_id) REFERENCES public.drive(id);


--
-- Name: applications applications_student_id_fkey; Type: FK CONSTRAINT; Schema: public; Owner: -
--

ALTER TABLE ONLY public.applications
    ADD CONSTRAINT applications_student_id_fkey FOREIGN KEY (student_id) REFERENCES public.students(student_id);


--
-- Name: students fk_staff; Type: FK CONSTRAINT; Schema: public; Owner: -
--

ALTER TABLE ONLY public.students
    ADD CONSTRAINT fk_staff FOREIGN KEY (staff_id) REFERENCES public.staff(staff_id) ON DELETE SET NULL;


--
-- Name: profiles profiles_id_fkey; Type: FK CONSTRAINT; Schema: public; Owner: -
--

ALTER TABLE ONLY public.profiles
    ADD CONSTRAINT profiles_id_fkey FOREIGN KEY (id) REFERENCES auth.users(id) ON DELETE CASCADE;


--
-- Name: staff staff_user_id_fkey; Type: FK CONSTRAINT; Schema: public; Owner: -
--

ALTER TABLE ONLY public.staff
    ADD CONSTRAINT staff_user_id_fkey FOREIGN KEY (user_id) REFERENCES public.profiles(id) ON DELETE CASCADE;


--
-- Name: students students_staff_id_fkey; Type: FK CONSTRAINT; Schema: public; Owner: -
--

ALTER TABLE ONLY public.students
    ADD CONSTRAINT students_staff_id_fkey FOREIGN KEY (staff_id) REFERENCES public.staff(staff_id) ON DELETE CASCADE;


--
-- Name: students students_user_id_fkey; Type: FK CONSTRAINT; Schema: public; Owner: -
--

ALTER TABLE ONLY public.students
    ADD CONSTRAINT students_user_id_fkey FOREIGN KEY (user_id) REFERENCES public.profiles(id) ON DELETE CASCADE;


--
-- Name: super_admin super_admin_user_id_fkey; Type: FK CONSTRAINT; Schema: public; Owner: -
--

ALTER TABLE ONLY public.super_admin
    ADD CONSTRAINT super_admin_user_id_fkey FOREIGN KEY (user_id) REFERENCES auth.users(id) ON DELETE CASCADE;


--
-- Name: coordinators; Type: ROW SECURITY; Schema: public; Owner: -
--

ALTER TABLE public.coordinators ENABLE ROW LEVEL SECURITY;

--
-- Name: drive; Type: ROW SECURITY; Schema: public; Owner: -
--

ALTER TABLE public.drive ENABLE ROW LEVEL SECURITY;

--
-- Name: events; Type: ROW SECURITY; Schema: public; Owner: -
--

ALTER TABLE public.events ENABLE ROW LEVEL SECURITY;

--
-- PostgreSQL database dump complete
--

